dataset,n,mean,median,std,min,max,p90,p95,p99
Arabic,853,23.32356389214537,16.0,20.55579537342206,9,158,47.0,64.39999999999998,112.40000000000009
Chinese,632,22.36867088607595,16.0,20.3055541761808,9,181,40.0,49.44999999999993,121.13999999999965
English,14376,21.55279632721202,14.0,19.689668758823345,9,279,42.0,59.0,105.0
French,4747,24.226458816094375,16.0,22.331796511580038,9,214,49.0,68.0,119.53999999999996
German,4577,21.901900808389776,15.0,19.913037300108403,9,242,42.0,59.0,106.0
Hindi,501,21.81636726546906,15.0,18.460070735965406,9,150,41.0,55.0,91.0
Italian,1640,23.048780487804876,15.0,22.66497511012335,9,239,45.0,65.09999999999991,125.8299999999997
Polish,847,19.155844155844157,14.0,15.537624151356862,9,146,35.0,47.69999999999993,89.07999999999993
Russian,2242,24.15343443354148,17.0,21.130955429322864,9,209,47.90000000000009,61.0,108.77000000000044
